Annual_Income,Spending_Score
-5.772477606732309,-4.818215975497783
6.768245950656803,-5.424569774361025
5.796159382274439,-6.239966712993411
7.096021658319073,-5.272611751979644
-5.725560680942528,-9.316889137416556
-6.514347838469613,-8.842653627580383
-9.418437048656108,-3.594182207137671
-9.078976002889863,-5.215924965371257
-4.985928721360708,-10.367566263137626
7.850371355867743,-5.896753125822607
-5.167658579634685,-11.466218741029756
-5.776666516638486,-10.517230706909794
-9.152582473195958,-4.449134249999736
7.260565216528071,-6.45013342819425
6.479672683805225,-5.52498292977978
-3.0897025875752204,-9.855642592937834
-7.095246488896043,-9.53197978487122
7.9946518317581,-7.089269387159306
-4.996636579223275,-10.49392605424421
-6.296303139833391,-10.471188312685856
7.910397245830252,-6.2205820127925815
5.957630209284478,-6.48481792771324
-8.781319204938475,-2.506848128757273
6.215694184499861,-6.521244387924818
-6.096562186553237,-11.489298508808949
-8.284088472425449,-2.886832189568846
9.327599498765323,-4.9987675200966
-4.105847118495224,-10.115835759513388
7.373496094691283,-6.4520974185681
7.730948475713394,-5.639966943599254
-6.828001510346076,-9.652520104525978
-7.071678790104387,-10.349516208891906
7.819693072600928,-5.011751828387515
-6.178830000809136,-10.218163602569575
7.300965908833977,-3.667406683247694
-5.237149345167423,-9.78590465447905
-7.348186708953023,-2.829345555106052
8.027770924433776,-7.617291371115837
-5.838983958287791,-8.895502079112442
-5.611307430631644,-9.386852886108658
-7.151018813470122,-9.097989352432045
-7.62435166174296,-4.840069034787911
-7.556837668862794,-4.810568851778838
-7.8051936795138435,-5.087010562471078
-5.722712854635636,-9.314262056350284
-5.561725635577471,-7.402209391255817
-5.267311978989125,-10.032381434949206
-9.564476701952213,-5.128983742869421
6.3319364099257225,-6.813604605841473
9.266978210225224,-5.844431132755903
7.3006869158300605,-5.899418935093712
-7.624460080994519,-4.152859771751132
-6.365725010899106,-9.73967191004199
9.269014914018706,-4.420430101193653
8.957918557120575,-6.037762714762757
-4.247231259967993,-9.204016993499415
-5.460571641983742,-2.928091395434822
-9.757928553032295,-3.870349010066189
-8.855690456680893,-4.506639543073037
-5.560343544945428,-12.78302323481829
-3.753847925930465,-10.424769820767946
7.010204321161396,-5.8792380092924335
-5.599916609975777,-8.995639924456158
-8.436726711316847,-2.619840102752157
-6.255322558681102,-7.216868962070266
-7.573255924805912,-4.073338990991855
-5.472331641523896,-8.637269106453926
-8.494137899990443,-3.954975477127192
9.39576455068278,-4.772331752914562
7.232724204323286,-5.301149973904643
-6.466648367954001,-10.446152873872352
7.931626447639649,-6.379743524809061
8.080147840877466,-4.852819608948964
-7.972345517504969,-3.408806370904572
8.4487874271864,-5.18495900378087
-8.535957728732436,-3.009351479017859
7.563397955844946,-6.31228091398896
-7.573818518588967,-3.622498304484252
-4.9785393023878255,-9.101877760350067
-7.712237296171148,-4.578749634648747
6.912289135669534,-6.828456500240668
-7.694172901015389,-4.944001472640129
-3.899642588818344,-9.27510167901613
-6.6305444592332,-10.477238025710058
-8.177263257467725,-3.849255879196799
8.9837127823826,-5.1812078967422
-8.15074548633967,-3.320613904173469
-8.884523447666956,-2.7913185612641627
8.105544688634145,-6.232911251186289
-4.545171180841539,-8.43073146586827
6.569576255174293,-7.154678342467092
-9.618580779578496,-3.2327908222078405
8.088979960361863,-4.748900462057533
-5.332143439909317,-10.895529746722008
8.62805746131758,-5.505314228395348
-6.263294432701685,-10.357375006353989
-3.804729853918357,-9.644905015388124
7.214017656307872,-5.612706871656367
7.187007583807201,-7.120907219682833
-6.338112589200564,-8.821901251166759
7.49408827247882,-6.248765522012543
-5.7620549577948434,-8.866894494586676
8.610959992880785,-7.284994332027164
-7.433947253949869,-3.0838985066751503
-7.565229660061903,-3.318944878763625
7.182240967064441,-6.548121395710837
-5.1800801709771065,-9.386543658468227
-7.236490861858252,-2.651680025596064
-5.626649217730007,-10.056760142983595
7.41311113663203,-5.318669294184291
-6.959889450400667,-4.643479572288777
-9.735558417117456,-3.395069511755275
6.739295481564445,-4.793243930358831
-3.199005523629884,-9.26242228399157
-8.229078068278724,-4.896419590240949
6.405136079612024,-5.093347792562553
-8.231022338400415,-4.174744044594717
-4.3287370128385945,-10.51772033093494
-5.007219822554832,-9.776411299261412
8.26514963951477,-4.5044771939354185
-7.811412029004247,-4.403732634546854
-5.233403634241217,-10.811815014987287
-6.518539326654697,-4.166845444818027
-8.782542621303831,-4.243353375662551
-6.244375379784566,-9.34058341908008
-8.428490662649818,-3.567006773310057
-5.977934924023442,-11.044127415310534
6.4396513256273735,-4.5022357668422295
6.998247879359153,-4.543563721784592
-6.772768677985422,-3.644357695826925
7.01985198242693,-6.051646574256341
-5.26577223457089,-10.250287966545155
7.455870866198394,-6.545945571126117
8.010500159068505,-3.742185329996426
-4.502018543726318,-9.580550816411614
5.827356379011669,-5.886234603666752
10.056333400819474,-6.396157235739743
-8.84897733455243,-5.7604074731311545
8.00420693989846,-5.786015554985843
7.987787424579748,-4.761356096156547
6.315775485401908,-5.728688863283439
-5.881781190920531,-10.457349987282305
7.585079817092874,-5.455519155122041
7.034239646056422,-5.543337912082596
-5.675516414101455,-10.334438605994386
-7.953947349915979,-6.09232489222232
7.621949971146324,-5.928054670740137
-10.004812977984413,-3.897359293845561
8.049213426635234,-6.214611195090734
7.579874056014226,-5.736695533602872
-8.145673971685575,-4.093873491081936
-6.006283405206874,-9.627499602581182
-8.605361107622722,-3.9095464630628136
7.383045104804932,-6.8554688393949474
8.50435533845638,-5.404283730391687
6.381967824241704,-6.56552031942862
-8.236823434902266,-3.127430524862054
-7.298865298326507,-5.10081907297433
-6.60969855169225,-4.4796840926297765
8.299893717432502,-5.833265831692612
-3.466982273388899,-10.221515473200984
-5.434198783454606,-9.843577493515744
7.526910578534998,-6.45747826163446
-5.905972896481176,-2.965630719003547
7.485263535730383,-6.497473685354993
-8.158173673803402,-6.405541003902442
-4.092647034093079,-9.545001087329467
-6.386535473444673,-9.4068562626841
7.820547825552971,-4.440043023290388
9.353636083337657,-6.290331477482124
-4.938797832918565,-8.919808951198954
-9.009461270137066,-4.419610641911263
-6.805074087140039,-2.909942757735464
-6.169619442747534,-11.822933501121137
-8.086872436358249,-4.854033094956719
-3.5981586966503745,-9.016384649777397
-4.735223616770506,-8.352011859413828
-7.04731008727105,-2.637409184344156
-9.595930042636173,-3.142113079843338
-5.946231777927421,-7.634446428480869
9.719916850302328,-3.715775560657952
-8.084337890646584,-4.718100711686756
6.396830907429948,-4.737292324825311
-3.907251728150519,-7.975646796092773
-7.671690237228978,-5.409177219256058
-3.39253533170916,-8.31298180708858
-8.046473850499229,-3.2080947764697703
-2.5853634691694047,-9.538983589293238
-8.225599252929047,-4.619558484233384
-8.328813811995891,-2.082793926597917
7.790969086800541,-6.06736371644148
8.453277354199955,-5.777718357068677
-4.3672601541647005,-9.042101862937734
-5.805636450329208,-9.981095294668007
-4.819628927231994,-8.740365634100884
7.7695186938117855,-6.059915444000229
-5.92926020849947,-10.808940030449005
-6.880415946436823,-2.598946989639378
-8.650340944897001,-4.479628045132167
-6.89644662938627,-5.195634779129784
-3.8241010721746,-11.268281262111474
-7.041078989010753,-4.134603064608436
-8.813783231596831,-5.582909558140789
-5.667086191280125,-10.809801199293698
-5.338165913657349,-10.937524902990134
7.260420882903031,-6.434199683523958
-8.03031300028955,-3.500405034003503
7.079916775018227,-4.911163940812608
7.1805415787664,-6.185631560414113
-8.849989721471946,-3.4888620273264337
5.685531136011986,-5.878715253764253
-7.508702670288224,-4.817127335010916
7.704910205018009,-6.171193143283941
6.029583847489021,-5.586405668549575
-7.80328225013184,-4.457704668268982
-8.862066371757576,-2.286062876756697
-8.571906272599225,-4.309606605941674
-8.03181395261051,-2.915051992530122
8.685730586366972,-8.089017399728402
-7.167793860855237,-5.980663233709123
-5.88447215477296,-9.553808810120069
-5.500578656808379,-10.04729108246462
8.504979453119589,-6.203174009382213
5.995950690449321,-6.219170899667633
-9.63566941746695,-5.15623042048545
8.028231141747685,-5.5954826500449775
-3.1418441661339016,-9.664569592117894
-7.693475505531029,-3.447467592887204
-4.84460950417126,-9.918055538214071
-8.495342395739613,-3.7767063138871744
8.243653340179481,-5.977560323424683
7.058905980482124,-6.350711928097762
-7.931946488849176,-3.876117099342788
-7.727489515750624,-3.5997018928330564
-4.543928287452715,-10.220243403940648
-7.55262616551009,-4.381446094260201
-4.423538079450186,-9.916148131389228
7.243118466189055,-6.17315409354876
-7.881246198044878,-4.565727742507891
-9.582531866105048,-2.914262014731454
-6.031808606130464,-10.064352349624158
-5.0938610697359525,-11.841190710982184
-5.378845200381833,-9.941788200380811
7.811429899430023,-5.17734715905617
6.235048606325601,-5.818815896567929
-4.697438220750466,-9.166883587525792
-3.8290449501454527,-9.170384708868331
-6.110946981830703,-9.68199659689097
8.671279104710884,-5.707925280048633
-6.996954251240666,-3.5890448591926427
-4.628476790820578,-10.143568422788231
-9.208868286251692,-3.294007513833491
-6.077762928281978,-5.060286395139249
6.972376901149727,-4.56964470273628
6.738861912694443,-6.553878771785338
5.724353579061265,-4.476877074824725
-4.081941466985822,-11.609659419816929
7.758728382443016,-5.533152241978515
7.809991551573392,-5.031122762641422
-7.811277350849214,-3.932820504648524
-8.301804845095216,-4.310989720452866
-8.003783884953286,-3.4211381802184904
-4.635899883236985,-8.666180597002425
7.273354515750961,-6.159394138674094
6.353265904651121,-5.381714641859402
8.149188742674866,-5.810320967973704
-9.022897070959065,-4.530156586510383
-4.64698897881576,-11.42073210659298
-8.973136156664214,-4.1750480165907335
6.601222758009843,-6.295101446650663
7.797943599323069,-8.390212996930194
8.632954386089498,-7.302142549070188
-9.20453357306528,-3.08558838205434
-5.725466815369969,-10.220207128179224
8.441831203780147,-6.632371070833006
-6.771312015853983,-4.966916252918057
-5.421088611132429,-8.941217722881143
-8.868537398554283,-6.58932741940322
-6.649592328907302,-3.711831286529532
8.6192156831523,-5.650949626056496
6.765939862820407,-3.900997124998456
-6.597381657816906,-3.2084218345196613
-4.871660697109314,-7.11698362249536
-5.860187199226576,-9.61211338955546
-7.41705703979792,-4.401671455223217
-6.66273675277711,-9.391627176901796
8.177057754169846,-7.443325889886138
-6.113525649258761,-8.826392373049508
7.651272843446723,-4.132188247985628
-4.849735065634569,-8.970157918519371
6.633656085099947,-6.646246412213884
-6.42923990990589,-4.2668907169280095
-8.536185605383555,-4.628114252461179
-4.417252840557632,-10.618769779018985
-5.280095565140714,-11.327111588553969
-9.34541422789528,-3.531082131671518
9.000581594487041,-7.639429175414577
8.25544483487868,-4.612559962746591
8.814398717063913,-6.266403177564323
-7.1151296694519335,-4.597110070266005
-4.71490497993725,-9.978767626513047
-9.449927510887017,-2.174975839085744
-9.274020265185506,-5.427550177086122
5.574296582786058,-6.838712613247646
-5.04834502854022,-10.915271848661549
-5.743053880800033,-9.781249335195636
-4.47155129731802,-11.034409419099536
8.798187647511522,-5.216605793553608
-4.389231872721636,-10.513216697627447
-5.180923499102724,-9.739648665344754
-4.170602297323612,-9.44488446962601
-7.0673114197985765,-9.933045971943177
-6.965613998747758,-9.850396706470908
-6.524074628643929,-11.037479196699332
8.244997351295059,-8.442674443816838
-7.330475371145003,-5.17849511084249
7.230678782241688,-5.544069023597852
-4.852401161809897,-9.6483855570034
-5.344421252746381,-11.294943485454487
-5.152939251304503,-9.35475743656188
-3.871189752212163,-10.856729895478129
8.817957209854303,-5.783891098991745
8.12588574634752,-6.771599768665192
-9.570288325922125,-2.989403878704912
8.465083761013423,-5.493864739422826
-6.509141066275898,-10.870555483766225
-6.4304469147203935,-10.741417053141518
-9.045595064470051,-3.169001809994948
8.930984561143147,-7.154522559438898
-9.29336141206755,-3.83189275950913
8.014454880368742,-4.690160694473803
-8.76924736850267,-3.6842557126932656
8.098049488891887,-5.35583205753781
5.9282081688768935,-3.982925018279529
7.495154960867688,-6.659298037196336
-5.653647271965537,-9.46517800174232
-7.882787239407621,-3.3142963206072027
-5.330862400836639,-10.434057960990716
-9.306381941479954,-5.076523898639676
-6.952314180407118,-3.2438458771187912
9.361399531864675,-5.927014090873272
-4.280153535361032,-9.361791054430702
-7.028829591294246,-5.9408825100166025
7.583105670320105,-7.013145194119929
7.769726017884095,-3.5800993842894515
8.244572649203675,-8.03447082722236
9.387525492806027,-6.6455380852906405
-6.91103427548163,-10.133188783108729
-7.578865251176014,-3.394774188227699
-8.46549886101969,-4.828415511761079
-6.136038324919171,-10.093015016222823
8.366710086577626,-5.7982717700914765
9.937015700999076,-4.993159484399552
-5.536141485769777,-9.405289861421686
-6.389301402369735,-10.167418454206182
-7.551309370635872,-11.496582304359585
7.003269555616832,-6.221338304838156
-5.031691174542761,-10.308768925344667
7.9857439370717085,-6.968298984976048
-6.208433594809426,-9.737974313218402
-7.833062848721827,-2.8763372389697874
6.169180828550223,-5.270287443505529
-8.531050896051037,-2.9337250268015063
-5.056843354877351,-10.391639608643692
-9.486848268473182,-3.4777487435087897
-8.185501486408715,-3.775076121796455
-8.592040752523937,-5.232236004821629
7.247200597945159,-4.157473751603035
-6.390880825177528,-3.474865246133035
-4.208993349325936,-10.680397081834114
-9.353557746680163,-3.1879345482354275
-5.234942573372074,-8.853012542011808
-6.911154399132262,-9.379237882972086
8.711820420860182,-5.256980508873675
7.998587185218287,-6.458307987791318
-7.317463923650943,-2.246661761676293
-7.748057798024663,-3.937780861686956
8.049826931562727,-5.507226064880035
7.850793577741888,-6.550564760657909
-4.847283812042184,-7.3271437947264815
-7.939039012812705,-2.909281690216792
-5.124380580925639,-10.984365062030466
-9.05223880267587,-5.614413857287813
-8.356246816926038,-4.342891792981704
-7.744180017484433,-3.563589666109993
8.45073106854163,-5.889263138597295
-4.774735011217155,-10.172999433242198
7.802838674295678,-5.9968349243530845
-8.902600326589488,-2.797523513961755
7.118258233743153,-6.117316323105297
5.508355436297325,-4.667965788134045
7.859908328384453,-3.510464357526778
8.227440824465798,-4.923459300060143
-4.703880739726993,-10.118524536748565
-7.155673609907921,-4.321708457818886
-6.827970469088852,-4.548259359719474
-5.404360175424539,-10.97465680612829
-3.9997065289558034,-9.283874135419277
-8.353593134937912,-5.694582345138287
-10.440165759285463,-4.850981222885936
-7.940419824174772,-4.848734604947349
-3.5370586652662457,-10.36108501666897
6.768464014557172,-5.891138194817028
-8.033427782877936,-4.976284281288209
-7.202919374277544,-4.811050940237019
8.51315769901823,-6.899483369535232
8.196381659987706,-6.171054370635263
-3.967305990814417,-11.743593658380547
-4.5943432473353285,-8.58345521655223
-3.556304213337085,-9.558800595265454
-4.072004520124549,-9.715811817093511
-6.145330207245411,-9.600209550977604
-5.999858622759542,-10.504273298847965
7.859879002361195,-6.274515860576919
-4.032698979118052,-11.265331472978035
-5.647474339071318,-9.543641726667166
-4.31130004430744,-8.415326368023514
-8.74924971111416,-5.305544448224862
8.68522004796342,-6.289154648620437
-4.462203485090818,-9.309096473793236
-7.001985519124283,-10.698593772110318
5.406941140408845,-6.784265120609296
-8.096036276849198,-3.5124311385364937
-8.169330647939844,-4.68782833322963
-6.375408584380826,-4.562258681431913
6.886002688228141,-6.166610376438364
-6.86546489048702,-4.463459189536122
9.104221691658791,-4.695444141798425
-2.8494343338593198,-8.810567473142395
-9.26271580026911,-4.388035699257845
-7.302227587002914,-5.397473458593079
-6.919043048390713,-5.144552384129974
-8.617648434874889,-3.787941640205633
-5.793833995129939,-10.02535658372161
-9.452483336355748,-3.933777999894968
-5.959227034161793,-10.863374532881862
-8.114820887672053,-2.7893834965881465
6.859154929918982,-5.171383122869043
-7.790529383276117,-2.897191318880205
-6.452917428715036,-9.096302915995636
-7.523673653549982,-3.919435669099373
7.451516366613531,-7.230225187707504
-8.186191680809735,-4.111026277281527
7.294403451974293,-7.409922283900816
-8.412256870729323,-5.531729992140791
-3.67975368600078,-10.310047778889931
-6.313736589795802,-4.091117757458723
-4.5474998105212725,-10.243722619752711
-4.293247874726684,-10.564162996122665
-5.47849800140417,-11.143524501800831
-8.454716258049746,-3.112880700278383
-6.736442625728062,-5.552235389396008
-9.584232232524624,-3.669197015902531
9.160488539696535,-7.823921114847394
-8.499233807831294,-3.739719163065372
-5.232289824660644,-8.953500517008452
-4.405690620285849,-10.410787776472128
-5.992165637304593,-8.875819544742008
7.446477877684277,-6.941032814689709
-8.289076714750204,-5.017542703781949
-5.153523660790658,-9.93258020813255
-8.520733605755712,-3.65153355718858
8.027222057699271,-6.65065073187299
-7.397107329637797,-2.8002783478133093
-8.163603367151536,-5.015418502375547
-6.540027008933772,-2.756757188446457
-6.572192959208499,-8.356553603962858
-7.567380512223319,-4.668424696112594
-6.401938422650432,-3.356550079160223
-4.3102406758369325,-9.509940245592595
-6.003344156770025,-10.35029902779363
-9.223304063227705,-5.09635742372674
-4.989299191330589,-10.484877662414217
-5.390386494168475,-10.706874096028232
-5.43762443842012,-9.699852239238648
7.158058294929575,-5.313920326868848
-6.719137750566195,-4.686150883561328
8.844824564338172,-6.085647811465984
-4.557589386522565,-9.299707084232177
9.10767788642622,-6.145340284762066
6.914889165033394,-6.61634315626367
-7.525234477372552,-4.882811331413088
-7.486109607501034,-3.583398839232159
-4.551546357482191,-10.958101439671475
7.964389679890385,-5.648391328801235
-4.47208753509851,-9.800499607536889
7.14614211386584,-4.904875703346561
-5.848859325994335,-10.528225703606662
8.580069854039673,-6.0689889431486295
-6.706688275752756,-4.2021738191394045
-9.45161060320703,-3.1785495237178822
-4.71287403206885,-8.636353609163178
6.005978578436592,-5.847156079539877
4.737156501831785,-4.6992050854968905
7.83882133029344,-5.445929726198846
-8.390836289047495,-5.794915112212309
8.297068915330529,-5.6209135941023565
-8.643252455283072,-3.1082788489717945
-4.402208962761782,-9.104810815795574
-5.202348446150489,-9.440114435484825
-6.556376019236193,-9.693456323493931
-3.794638527997872,-9.368224093516394
9.569948237919249,-5.1200729619589165
-5.154758568787974,-9.222548020541598
-5.144464902123247,-11.284949361218793
6.542707732147186,-6.701949484978849
-7.940574347180353,-4.195917356123313
7.502673189556055,-4.024161913717116
-7.586478350532053,-4.40256528665274
-4.410422489337743,-9.814744474091553
8.81798539160995,-6.723789503676997
-7.74397921687597,-3.134917821086632
7.718236598238364,-5.070416788301383
-5.172436234162136,-11.041682795135166
-5.949201788178714,-9.668556981899703
-4.942665062619228,-11.44620324793771
-9.44950020118625,-4.083395068816543
8.593659843460008,-4.385330690144448
8.012643808683142,-5.882369471065227
-8.291972599133823,-4.175037036444325
-7.7012096893567294,-3.852060473042768
-4.887952678509483,-9.145060911175513
6.532895044679286,-6.216113646390826
7.385868676750839,-4.928717906082722
7.742514870619785,-9.248179097923702
-4.307657016460334,-9.72035612194988
-6.735527149791223,-3.519568726895732
-5.677273501602292,-10.928331626265438
6.552637341292245,-6.121721842192157
-8.709593646049344,-4.84524082458585
-7.2632171981105795,-3.1836836970960887
7.078406745748902,-6.345007197040491
9.728268898727126,-6.117880127680621
9.152596427074048,-6.308771785943535
-9.96389370369532,-2.7519381524326967
-6.101823013491532,-9.380287333970958
-4.472829340385265,-8.675213624842025
-7.2289124444295165,-3.7987332326882655
-5.381521518510408,-9.977263689255356
-6.806722048315325,-4.632960039001677
7.412796861295775,-5.850628573138964
-5.9395169107854,-9.36787491910062
-6.361298420453321,-8.23951407940506
-9.74539212362647,-4.576669160427499
-7.508585966762286,-9.257924635866326
-8.067527588744916,-3.7275565252644394
7.940498769757928,-7.042221031348182
-7.286989291692053,-2.091455500851487
-8.179762535567797,-5.146001152318086
-4.583796433112531,-8.234436369960699
-6.78695709060009,-3.970814797248176
-8.477181789435233,-4.807784716457999
-4.724974612348172,-10.72692650167466
8.629238536243541,-5.43912088568218
7.102387376472264,-6.148367615145301
7.763608979581311,-5.977012749633759
-4.899454760644473,-11.05722356656287
7.764068831564479,-4.766483292140237
-4.891688364972923,-9.917884078329283
6.433766236650103,-4.795719199145902
-5.366662418860685,-9.007522022130845
-3.2683099579315718,-9.265711376759404
8.497081616533789,-6.913755630541528
7.772787284733178,-5.87096534832227
-6.744477942531569,-4.26512977139293
-7.831006398128816,-3.1543141152145444
-6.024587892258848,-10.765088396433324
8.985792283904741,-7.2761253424270205
7.782027909921263,-4.217707170771048
-7.364790528482747,-2.761592444530635
8.283717254101147,-5.716010296299765
6.31305250826822,-5.935248197009132
-5.312707606061457,-12.82350157331183
-9.155786339322008,-3.810527394949407
-7.813692412924572,-3.321272051523191
-5.440162962196011,-10.73261293066552
-7.293319262192482,-3.977553730903587
-4.218995139030257,-9.44457499082432
-4.740520528337564,-9.677496095484996
7.719022388314736,-6.253250322072412
-4.148850120521182,-9.429690086116352
6.813940185662485,-5.969586657317913
-4.392087960462096,-11.40216795819453
-3.961769446130068,-9.917151463759046
-6.530142574192153,-8.763280208148263
-7.520457445068721,-3.620012953645397
-5.636415402201624,-9.595240297958554
6.9257410421991805,-5.554039553822417
8.599354101859902,-6.001549757481106
-9.633445618495374,-3.777275551047296
-5.913544966942232,-9.204591791814936
8.152251932090781,-5.875032462357445
6.395395206688662,-6.474719749632044
-8.704564215227752,-4.059072687779112
-8.779743532975745,-4.359570868557444
7.534693991549946,-5.035450950092935
-6.399014893887475,-11.203642300862631
7.083100971161334,-6.827083471908737
8.615698457423214,-6.089652315906934
-5.2464558115885245,-9.440952327924975
-6.86950131180908,-3.1548087527897444
-6.189334522006342,-7.989602616298102
7.975451224802502,-5.031692164919017
-7.130421315922928,-3.674362860169461
-4.8306863023578686,-11.540524253804586
7.83560969464212,-5.6674345881336246
7.914563136349227,-5.738761081928
-9.316775257142693,-3.911445829613936
8.736701865947833,-7.370042149587646
8.438066400902654,-6.706929815925794
6.568017366822494,-4.787170180446558
-8.216012083994164,-3.295745108678708
8.822788214938841,-6.605775015569616
-7.674892520454953,-2.8646694122500875
-4.35088490393102,-9.933759330245554
6.514153238760544,-5.730769335394615
-6.65355345846678,-5.040946156550806
7.678504853514462,-4.579506255610425
-3.255282913592313,-10.807345920924831
6.480426276101835,-5.078390820470627
-6.104938682708121,-10.003107840600997
-5.786024529513805,-10.6831914823054
7.4369225117086915,-7.013652107772746
-8.40293795994826,-4.310185999246039
-4.617714494068721,-11.070620135841963
8.120017467377332,-5.43413370625435
7.686823790626787,-6.049678809939472
-7.616141714570551,-5.811732644890871
7.30611175785704,-6.914815416972832
6.758377898549188,-5.830531068933978
7.268552040597791,-6.339005819461478
8.012723273858883,-4.3698821549904
-9.108169338597303,-4.127624020411351
-8.530962156201367,-3.7779179065949786
8.899909291285145,-5.353758008698794
8.940584754556385,-7.1736069734089085
6.772386165587106,-5.047996975961171
-4.41991600613198,-10.374574102397393
-6.13191561465546,-10.00885565501381
7.381736176618528,-6.19993392719374
-4.763586387348429,-10.051889324640438
7.953249066538119,-5.999803084477422
-7.698602983278389,-4.454597822031194
6.329840367887275,-5.932280881353565
6.468771428813762,-5.053753096367846
-6.1513249465563264,-9.263208720958447
-10.639729930580296,-3.8525291423000154
-7.528848566921549,-9.987814178333574
-6.528079980630775,-9.937690570057258
-4.897664279834431,-12.27509353101672
-9.485921169056263,-4.234599343753108
-6.093426368022504,-10.674502976061104
-6.37263259416097,-8.713440112181328
7.853903214898295,-5.500885234871988
-6.076823734067715,-4.9733470431014135
6.130484406160959,-4.377378594024824
-1.7872080958056968,-9.827237902174051
-7.083375460761203,-11.93493483727346
-7.555685382727685,-5.294492195062475
-5.605358609491403,-10.470055303335434
-7.918212003291549,-4.360107693430359
-5.511960342406181,-9.769889279523404
7.324017605591708,-5.065142453435372
-3.7308035932503216,-10.31688304565246
7.05510022855713,-5.843977632776528
-8.681543972135483,-4.6226106581262645
-5.493622992257477,-8.762899422040455
-6.734875445584052,-5.107625722383747
-9.292750311266476,-4.164493301111059
-8.655936565088728,-3.346322555569913
-7.636945283059462,-1.820017127875456
-6.78750029847769,-10.958088663987075
-5.519266747861243,-2.812096481252232
-4.898498296621766,-9.433308464222844
-7.949060691622141,-4.977871593401125
-7.797485997820295,-3.9500686251770873
7.682889264081103,-5.800787167797688
8.163643089907396,-6.83914786037605
-5.024324679548798,-10.57764023802056
6.646921843511945,-6.016283060786948
-8.827250877076875,-3.830215173255349
-6.736695986580176,-10.712247790001411
7.087566818487843,-5.228069528424796
-5.529623172944067,-10.139874773945646
-6.136042079795892,-9.212247515849995
7.248573687402177,-5.769801270123586
9.193143619029405,-5.625888867552782
-6.352761035869468,-3.2926205527761985
-6.916426302901485,-2.848271748518347
7.978784968374379,-4.10321284756805
-4.183436659948085,-10.906534067597836
7.749783738058933,-5.137830405684177
8.413258492020317,-5.042828093293898
-7.601788230856181,-4.0960323081774686
-4.443273258975715,-9.097530268015506
-7.997545259854223,-7.1520548965755975
-5.253098274442181,-11.21441909221604
-6.555918543652328,-8.415837996869856
-4.422027492307004,-10.476363959273987
7.553236494679909,-6.147017147438894
6.753807018983698,-5.338618700435755
-5.809387482347655,-10.025354842005658
7.269921402650001,-7.99651884222517
-8.606542577995194,-4.169917692588176
8.912967039850425,-4.589251948802433
-7.735658117157718,-4.996798974256006
-8.354348608615918,-4.915060467374648
-7.753844233236421,-10.956565808429318
-4.30560501278381,-10.493234404872592
-7.091520862698001,-4.122905181177536
-5.113601223961477,-8.913447746960754
-7.178895774726891,-5.010148776391636
-5.494516210097148,-9.76614410336803
-5.774390438761649,-9.828002562738702
-7.903683901536839,-3.5556318352275795
8.38387837152202,-5.39893444343061
-7.932068499426045,-4.882405551259231
-7.393372816993365,-4.402634308864409
8.100663621999901,-4.730723785680506
-10.709273744410272,-4.272507637324083
7.735052521570173,-5.351068935406004
8.261163276966087,-3.543621929592868
-4.886107553190897,-10.754439721704818
6.592907944350258,-5.748206059766498
-8.394254195007994,-4.243079253862344
6.619504546036985,-6.872334976082457
7.550953333834417,-5.339174697582086
6.598744111884051,-4.674367884830438
-4.540488709583297,-7.847172036439213
-9.54065811527886,-4.548486382998036
7.820178598186346,-5.903470370754124
6.859807864348564,-6.519218273049031
-5.419309230271723,-11.168917370626891
7.166507689917723,-5.05516533774353
-6.082199812588665,-11.651053221705808
7.682990934601623,-6.158766430414473
7.9337674592958,-5.439145466289001
-7.591232589169152,-8.437675018013486
5.9780101157710535,-5.032696737070595
-8.669550149787856,-4.739702304552701
-9.629050453338005,-5.1020439026194895
-8.984797845085588,-3.082506896610448
9.466326108912993,-6.345235229694989
6.362878318038964,-5.843379109217564
-6.094825430382813,-10.012301617355297
-5.309832845494206,-10.90643120016109
-5.398909697569499,-10.643536646582934
8.118026139943057,-6.555020082188884
-7.221621612410274,-10.048163490400194
7.276392386989537,-3.3780997611254286
-4.945452492108638,-9.891807668419464
-6.492810854972449,-8.85622477650003
-5.231193823399112,-9.238463862172225
-7.269418687713331,-8.137529315100224
-8.46290512653351,-4.205858945448442
-6.032062174192994,-3.712589151861933
-4.245781022145871,-10.519167411234775
-6.878132381395625,-3.6741688625519577
-4.594377860392761,-11.089356682043029
-7.485266015229773,-3.1748248254216285
-9.048930524044662,-2.3541181491435426
-3.1981831062710704,-8.80501764983014
-7.433079084549279,-6.347663364837427
-5.962190112553941,-9.569339510877752
9.244343464265985,-5.750959150600212
9.109712474665107,-6.5875678446167
-6.566401058964004,-10.763720557939182
-6.155404220250656,-9.148849729352186
7.249091285111779,-4.933277958538589
-6.108913312194436,-10.438944947806087
7.718777011647865,-4.926483174186729
-5.866781285881476,-8.370988938531008
-5.62639522273595,-8.596189780131231
-2.869508379182614,-10.483175455950096
9.73710875727006,-6.213260468440563
-4.725972330611677,-9.782756604579204
-8.663564174656994,-3.668818234021096
-8.980271835062984,-3.9460909563540425
-6.186928677571898,-10.42313878705258
-4.989160047089346,-9.365799340221344
-9.754156702510038,-3.780736537117952
8.799696674616976,-5.444408752504351
-7.964334868864923,-3.84256072140366
-7.789067483180066,-5.447279856789467
6.977327634294786,-6.922245917745951
7.673659174671429,-5.305947915907589
-5.327506897918929,-10.457366906891531
-7.441068682443987,-4.95284272036302
-3.845424519307084,-10.334621699682396
7.24817907973429,-5.51174663314851
-7.45175464621517,-3.857061185798842
7.125102853494603,-6.0561057220702645
-7.871551858566799,-4.501083892609768
-4.639795590698519,-10.612503624843134
7.345304933940477,-5.608935954069285
-8.349364001405112,-4.767009388528213
-6.142988873136301,-9.453106266085152
7.1905698657711445,-8.841073541034195
-8.449650944727686,-4.632471351034247
7.25645026215295,-5.222402492402721
-6.436151753785596,-8.485934864833682
-5.500909071715929,-9.96522570082014
-8.659760330927504,-3.817306391486909
-5.157873025499085,-10.148357130082571
7.837405049125897,-3.480979019956418
-6.596556169560951,-2.4015844634111545
-10.210153072391686,-3.957764890489884
-7.190139483591405,-4.515620607568675
-5.167157541427249,-9.161360129955316
-4.6043638143876455,-11.984232184930685
8.387258900262202,-5.5982106983660405
7.383515799672223,-6.928727917717702
-8.104636383745376,-4.574502358745132
6.854651460785789,-4.439022677269801
-8.63306698001333,-4.35418293874696
-7.8389912509572,-4.567563948452656
6.54178576447868,-5.722150599763638
-8.529585749985824,-4.853876814116646
-4.725795453924019,-9.541585285794936
5.592382925812938,-7.524644227854213
-5.765758618640738,-9.822013253592422
9.16819092971012,-5.491568215836337
7.353301444819762,-5.658569068330039
-1.539021475476083,-9.796056273161172
-6.277162878806053,-9.435858501237398
-7.980470357458081,-4.188779980486798
-5.331417613924134,-10.84524782319529
-5.695028772137144,-10.043673039484522
-7.558557467224591,-4.331211622590656
7.863699344891206,-3.56905091297494
7.203890736457501,-6.738717059657297
-7.047677843324053,-3.7400993508852234
-9.082385082010877,-5.240743476843647
-6.14718501397932,-11.557761690727924
-5.179753793778299,-10.09384229340352
6.794267369972123,-7.013744959014064
-5.993049270491416,-9.261162850554973
-7.781207404970026,-4.136241753303083
5.801940676598528,-5.779811225372886
-5.172555314836999,-8.675825181634282
8.599437175111376,-5.911410382220914
-7.257710808870544,-5.112720571233671
-8.168656799994476,-2.81823457404903
-4.300519506249971,-8.67157745798983
7.745147138165454,-5.771419910922961
6.761993963379836,-6.555186537728423
-7.032249430218354,-5.006996501032984
-4.994589162625845,-10.935505203256476
-8.544986275197694,-3.932349217019461
7.380718538834649,-5.551327678136461
-8.843732005488654,-3.775563915878934
-3.902839971581314,-10.215813176597836
6.6068159858242375,-4.736793226314441
7.465731999950088,-7.381174070761111
-3.9202371553454944,-11.00655304320833
8.283495261155757,-6.977689990672411
7.324928626776632,-6.783578726053021
8.711274065794377,-5.957269737303373
-5.539023723482547,-8.028149022919145
-4.681744823610586,-9.762349123600892
7.793268041016785,-4.732170122193274
-8.46812272237838,-3.4385735562598296
-5.587855449794179,-9.345693625137685
-6.885591322971788,-5.443904965704199
-6.237512168871893,-3.976737108249352
-5.59632215865157,-8.910552212395507
8.662679427996853,-6.269256440621778
-4.099865803021013,-10.71840300525569
-7.961887556505721,-4.307556037992594
6.4688667254924255,-5.6248396715277424
-5.854499943296489,-11.113970097250172
8.519386799183579,-6.417398860472255
-5.939651082267616,-8.282581930727646
-7.12280409498789,-3.1462370238812456
-4.84826539956521,-10.234327665161432
-8.242783222401236,-4.522581753858613
-7.173752658321713,-6.105632436573597
-4.686472240673643,-10.70860220635126
8.218701701600146,-7.141641811060887
-4.747040395707714,-9.90479296771496
-7.850554769116311,-3.7797272925613545
6.631724120397049,-3.594076832287153
-9.694330983008292,-4.229553438219488
-5.09768638070106,-9.37291266956443
-6.441191736531428,-12.369017175284934
-6.558197238135042,-11.147855911971638
7.889436661115374,-7.612039628952489
-7.337274951973266,-2.367553710921181
-6.714708326102199,-9.40986847618893
7.093523796792919,-6.181935581456043
-8.856588460539006,-4.858055378452463
-7.650269523535005,-4.0993632445267805
-7.151455779074416,-7.557771155206531
-10.411841264098785,-2.952284853307657
-8.210949773323282,-4.496897687197781
-4.933513322322432,-12.978281667000669
-6.965314301093685,-5.172264417952746
-8.13901285340527,-10.266966916922426
-8.623397332457653,-3.8174742604674
8.020352565563995,-6.686732361345096
6.871877636952852,-5.945754071010143
-9.755625727285844,-4.29320765633444
-4.80702977497789,-9.778243635985945
-8.783463855957466,-3.8284532701923113
-7.289779631912712,-5.33086148970727
-6.948779988164183,-2.8747254592518106
-7.281623444135404,-4.334985015918295
-9.297541869937165,-3.0133818614326198
-7.1137572474745445,-4.325931361956475
-7.407655876230389,-3.866536680593592
-9.199429285200294,-4.905415733238652
-3.603872210906526,-10.57062894805696
9.054767080414074,-6.570632039416869
-8.72452119145356,-3.147728538935838
-5.460656388757947,-9.699657133621168
-6.405354435052325,-9.380876210172342
7.005958611980297,-4.861839003434832
6.655545778405619,-5.580283021967665
7.467864811903595,-5.57169842629916
-4.936150663942223,-11.853556764348784
-5.439328428813898,-9.798147939949516
-6.194950033595177,-8.767574930097139
-5.933089187668172,-10.954252866956828
8.944534210926538,-4.858310206290879
-5.667311616625206,-11.65301842315603
8.50771256511803,-4.9263133619455415
-6.566275382478183,-8.752332767540251
-7.682861448145435,-4.797306353578479
-6.979578977809783,-3.929580520515272
7.712069025170361,-6.283051643105077
-7.308198749763651,-3.5979514333498424
-4.704459949395995,-10.566932279722602
-4.675913930220015,-10.974832868713175
9.774853392094697,-5.520663303459599
-5.967971665473853,-11.132269487365038
-8.41989289473732,-3.9779490535999553
7.250711905336456,-5.918625666789163
-6.54909532198741,-10.984008250106474
-4.67888859729641,-9.176124683366464
9.026961257189594,-5.497126497101567
-6.452164999408912,-4.512186421307675
8.743635596778843,-6.352928347101639
-7.392969157757518,-4.347452115748452
-8.134050016077767,-4.577223068370645
-5.939631399907578,-10.19280594918323
-7.816828928150062,-3.2586424331341366
9.197038362722916,-4.9480867240975925
-5.844350193759969,-7.766573782504514
-3.656965162402292,-9.965090739427325
-6.480186047738382,-3.383012805856078
-5.594692672154255,-10.971648434665608
-6.173965825765777,-6.282513032278551
7.143160137034739,-4.943495815688173
-3.802293323289872,-10.623334132479933
8.542914533528124,-6.726296588030452
-6.188494876153333,-3.498530521306011
-8.434554015730525,-5.969097950725351
-7.100052809770365,-2.7893098387970827
-6.96343872770324,-3.6542566517718074
7.894293780540229,-6.062915025910839
-7.728475322598427,-4.010026850428489
-7.314753404942176,-10.7574625562733
7.156480961961793,-4.907344773514909
-4.754630004204483,-8.693709743478085
-5.7124813336759885,-10.397125794888195
-6.269463944847367,-3.362602988370728
6.836944218618258,-5.381752295015938
-8.751510131390425,-2.394237465699139
-7.378568379693219,-4.156889409032542
8.475922752554633,-6.6491130272650745
-8.522310858901577,-5.237024044743701
-6.29767007019209,-9.931461215537832
-7.137265943009631,-3.197729962935443
-8.282243861870835,-6.5397085519204055
-7.795803938919934,-4.663678497553258
8.1193310894686,-5.51380786162809
6.77333214825214,-5.514140244771228
9.11928191222287,-6.0602860425341865
-5.166734848771833,-8.241806723459094
-6.501642784979737,-10.353074354254757
-9.890945915856376,-3.4134549266290137
-9.209912250363448,-3.452566643753515
-7.711716703577894,-3.6020767609803803
-7.4703837248650915,-4.677640844290924
-7.651964455479898,-3.3367231701988085
-10.229892607739492,-5.379263517671002
-8.410311273912203,-5.282011788718252
6.69267930793963,-6.995860559035722
-6.6613805705510565,-10.062119063394649
-5.362902122059331,-9.965691032463113
6.863623193584179,-5.990232871458382
-9.71996066499675,-3.1310927900256407
5.846125189530486,-4.686296643223709
-5.318779931165639,-8.644839786116028
-8.375514511362573,-3.6997786580208096
-4.469073751812729,-11.238324015476032
7.430956015815359,-6.937260763788495
6.914522494345586,-5.299107006931522
-5.715643044289367,-11.36386842424602
-7.109368377492452,-6.064466248682406
-4.073491356180829,-10.47638415600844
-9.551975123536398,-2.903996295739932
-5.0842703463786005,-9.35490612935512
-7.03652474345608,-5.148890130055518
-4.2795145812986215,-11.094173779373268
8.036067739861956,-5.116565426119583
8.821395078927912,-5.433490722946512
8.802599494895198,-5.722847822953493
8.372795505520193,-4.111584628734072
8.81107890387473,-4.9121850522878105
-6.449413931322427,-6.790772088934549
7.895595396932896,-6.594841930640594
-4.764312458274841,-8.6340161443823
-5.847904562793231,-9.25089680436152
7.171539282364645,-6.816554126468434
-9.03308627478743,-3.7721082388701146
-6.0334993236026175,-5.93167829969782
8.194930785320615,-3.9248313141508233
7.052898861374557,-7.920408923925276
9.159879050916896,-5.743732315752873
-4.338758903868253,-10.086645059471032
-8.36457971432593,-2.3844379238241142
8.316176055373258,-6.133310035960341
-5.529458669760024,-11.69963528844917
-8.402611590006003,-3.8997870923551474
8.686630733469274,-6.071357075166034
-5.186084232835519,-9.293506778840536
6.55671435914377,-7.107418560311466
7.341428456722945,-6.518285642477256
-6.605864412222101,-3.7078132571042826
-9.50583033944604,-3.6540283083069793
-6.358944767953275,-10.885372544288348
-8.204162701397417,-4.534718607155532
-8.366729989633766,-4.12194213516864
7.377117183479754,-7.551007820773523
6.710980470341216,-5.807201675231745
6.313750529399005,-4.63247563692706
6.552934752161663,-6.1992693179317735
-9.552127546983131,-3.1365022080771645
7.963399825349198,-6.953741853693598
6.899129280089775,-6.66221680913671
-5.3020468109570364,-9.902930659801871
7.383621158518518,-5.881838078504483
-5.020259198937218,-11.66366360011123
6.538284943943888,-5.990076558993968
-6.005519442140459,-10.259408002149089
-8.677444402314698,-4.39115445708499
-4.802399020704041,-10.72150265247513
8.788777981160134,-5.313223588702812
-9.130960830903836,-4.034533001625763
8.610448376625104,-7.337365692518626
-7.895916264111053,-2.759262099846993
-8.154125163776602,-3.142095428706988
-5.635118595875309,-10.425421872432526
-4.777597020892512,-10.639964194749025
-9.134543349478529,-3.1730112992082478
7.445449451617312,-5.929662717478965
8.456721679358134,-7.6430961679116285
-6.881287221691538,-10.316858615699088
-9.757551125225492,-4.350397303779465
6.87493920191371,-4.586492658141582
-8.532172460691784,-3.770299477290593
-9.675757317582644,-3.350277423859948
8.438649785304671,-5.05873207210462
-7.717657261064817,-4.157809483778178
7.673253670043098,-5.957296972756536
-4.0606749123440204,-8.84667938186956
-6.199797019416053,-4.736017065517691
-3.995773827867444,-7.509662117858889
6.691421874758499,-6.975839262748173
6.209342309223736,-6.031485783376538
6.3556779619078805,-6.501977033435778
8.440299492393928,-6.050709708685146
-4.162725665951856,-8.595506246246497
-7.106309095157647,-4.646776454870651
-3.746129511124008,-9.557022429255046
9.0211702699017,-6.407952991582712
-4.805305539333787,-9.003364735222782
-10.4335504887304,-3.0987850589147383
-7.431363280789269,-2.944780631920788
8.426132290110681,-6.185470984295072
7.134324931127561,-5.731089321291544
-7.14170637602836,-2.8387449801370783
-7.10368560795998,-8.178312708821991
-5.882913798260008,-10.453647560496728
8.610138084500653,-5.3858449930877
-7.167036868178872,-5.490045354445737
-9.419417479643212,-4.762085342852163
-4.594980533957129,-11.103793967786306
-2.822451305292574,-9.589698368816574
-5.591527914320733,-10.955478897440896
8.3616425203158,-6.300713875575323
7.845025157136957,-5.362440997843399
7.355033503145641,-6.195251050703537
9.07820520916754,-5.851616334340076
7.357267942704941,-5.886889403406324
-3.580717074397395,-9.383488918977935
-8.601656219200553,-4.068871697762054
6.551477703598483,-4.5185582716075805
-8.756764322401056,-4.39901984299704
8.396146195218083,-3.879483612727413
-5.524187170222637,-10.080045584836151
-5.913334998269935,-9.394037862144952
9.593132528299588,-6.256957103594064
7.81261978511244,-7.195385450124316
9.032211821811549,-6.219363372929069
8.032239478157853,-4.906779868389747
8.48874629533445,-4.983667603184309
-10.03060604269038,-3.872186883121637
-5.956884615591361,-3.344166606775576
-7.0177609893226505,-5.578804608695373
-6.106253003282856,-4.033758044289311
6.992076646699559,-5.493718792565188
6.473196050952597,-4.624309020210977
-7.978289983036553,-2.826266355480927
-4.10547005536165,-10.476913412031536
-7.474959539555844,-3.672413040552847
-4.611340750187411,-10.175396169278786
6.343977283199227,-5.562077998550096
-3.585907042903364,-10.242966627947864
-5.946052096435315,-7.089387622730891
6.154576847376625,-6.023639358827953
6.5003289677690965,-6.140087846549843
-6.655047791211127,-3.1340842564163167
-8.430269534282408,-5.326152928628112
7.292961609402762,-5.516198391403406
-3.808518652255251,-10.304972164430444
6.985915998573772,-5.376217470265989
6.142262533488848,-5.952634893930859
-6.695234020014573,-8.18943126835462
-8.125772636884783,-5.5882731760954085
-3.4960499051897047,-9.50552321640236
7.602557094044991,-7.631704926757663
9.576568562284184,-4.997535462265845
-7.7354362321537105,-4.46612715738123
7.960218828537883,-5.590070551561709
-5.350847878801861,-8.89591353304908
-5.5763893817152255,-9.764360371325012
-7.090447360538331,-3.903051810338286
-6.110926602206938,-9.241151151478528
-9.158191557249005,-5.582083535040036
8.136545265863504,-3.969705492381258
-5.966205256599401,-8.628690485497614
-4.166855638507,-10.248107644170169
-4.401600114115186,-9.538570334423431
7.293459695315757,-6.604231847713886
-6.866995728391591,-3.431314364261948
-5.476196002601872,-8.062813102461032
-4.864096946432422,-8.326978737296969
7.327942889916062,-7.401472323127768
9.028484652528968,-6.677451030058768
6.729852672704952,-6.527620023653981
-7.761830587308543,-4.111972135387729
-9.825963879220463,-5.192582582063803
6.64432764840554,-5.51046991425202
-3.8724657079009273,-9.62338684156358
-7.513909004064968,-5.185382203327234
-7.782090700711452,-3.947489351201268
7.392090428017775,-5.204771654579735
-3.429815452767228,-10.75897272918364
7.096147753790878,-3.745715903394653
-8.563061449143515,-3.7650623810885113
-8.07120578380128,-2.68664750610526
-7.681915629494879,-4.40128449384252
-5.671564747792994,-10.498448898083184
8.353862043943879,-6.141131688398152
4.890458448302832,-5.809624731584863
9.237041291036226,-4.523803060828843
5.730121539734626,-4.987156499438969
7.517058224834526,-3.558669870952459
-4.9512572049827615,-10.387024717158305
-8.468555429485972,-4.601789212462003
-5.122315768032678,-10.328143083018904
-8.772329230355226,-3.872691801244084
-5.1165734114045405,-9.220526104188009
-7.489237689864888,-9.979021299524153
-9.43783322914348,-3.268380950754594
6.4810864577355165,-5.604238278146618
-4.587706719506764,-10.547786781195844
-4.322072063442522,-10.620128557903517
-7.101768810559993,-3.70341637912049
7.504286665466708,-3.7619680166346687
7.681631586727963,-6.044507796222873
-8.4492168943123,-4.232062364864258
7.608282095761054,-7.830651977835221
-7.09895453479524,-3.469354061418924
7.265815498442512,-6.037535234137342
-8.172744307860388,-4.414952952040727
8.3841106544237,-5.269633276924022
8.484651897355107,-6.349248624610604
7.450968673171214,-5.260869365509104
6.990116381221328,-6.688040266249253
6.752465921953236,-4.243032658155491
7.875060780347164,-6.480389510652926
6.828215632648792,-8.38153355076813
-5.240926596198039,-10.515188746304394
-6.853868877964318,-4.080623459666091
7.792402786441537,-3.512018258125677
-6.715298799122876,-4.225135836150958
-7.806026158504862,-3.488164101780921
8.272185289586005,-6.144258548830385
7.405696074414371,-6.128813412554116
-6.705889057048456,-4.1660131931032405
7.353817085671505,-4.542621699501135
-9.133800262550722,-5.408933238091916
7.319596364958176,-6.58855298515846
-6.972312025086981,-3.4126073762966924
-7.965917875221704,-4.5245647944752845
-5.36385942553783,-9.628585153056324
-6.888934794072878,-6.547806677832291
-7.659404884523958,-5.080438195793434
-6.330265964979484,-10.41636911552652
-8.268558607363868,-2.38400606828236
-2.103714039722885,-10.66459364722815
-4.331209008548061,-7.777899724081377
9.357049546934116,-6.926356450584839
-8.567736757038052,-5.121393868705886
-9.427150906036994,-3.7409876530838297
8.505570125107647,-5.872883316771265
8.011355513313395,-5.390463333664706
7.580998989590409,-6.209429679568272
-5.466272545806685,-11.568877713352329
-6.904820664509249,-9.963647667587091
-8.115789214455273,-4.388319313286378
-6.24468781824751,-5.243068408059434
8.241105065365465,-5.380277827534014
-6.743762447911724,-4.247148734282393
8.0407078722121,-5.18258395949422
-7.123409147321062,-5.777340711779539
-5.245860682405945,-11.279296637734111
-5.160849092316678,-10.71368253283113
9.694215206495784,-8.007348776916697
-5.10849836213247,-10.176854068478775
-4.242139078717513,-11.454572167003102
5.176575290938311,-5.188592767261364
-4.605398779472053,-10.14566512486146
8.255376538338144,-7.657658438144099
-5.138746739164553,-9.053756577563368
-6.603836748939751,-3.530425647107859
-5.170881155472146,-8.351523327830503
5.9561841529321695,-6.974043275616696
-9.815251400029933,-3.073660033210228
-7.151075593837651,-10.324409447531233
-4.990160864182686,-9.078016462107428
-5.500427882520279,-9.590648715997132
-4.902400806787538,-7.581417436384212
-7.42963518666757,-2.589609463466485
-5.279148799490049,-11.144103785196751
-7.302423467625042,-5.289458326512999
9.71598027042406,-6.618438350599631
-7.349320337157421,-4.528506910465122
-7.100168699392807,-9.491729688985828
-6.736280594864312,-4.645668422079783
-5.49388591162499,-9.27238928244324
-3.889510040576993,-11.128034351093325
-4.732448581117855,-9.17231370006321
-7.689794113058634,-4.701748580227905
9.58901809256952,-4.975163533990557
6.8517577904996125,-7.07780590333886
7.636679404017678,-5.543825012065013
-4.529229051182313,-9.379118324010504
-6.719140151114946,-8.360558420633566
-5.045415427819327,-10.28851014944684
-6.128788418038188,-8.326617981802737
-8.438807586955006,-4.812405495024198
-7.377919976293729,-3.684675961088171
8.165828007972808,-4.365532785675329
-9.483406474178068,-3.738346992787055
9.098743174144744,-5.3265525699359415
9.242011159873623,-5.141303759771385
6.482876062003113,-7.133081966629187
-5.326441491984913,-10.802928692415955
7.660083730750297,-6.001713656761916
7.551303777226299,-6.622132098955818
6.777880774941036,-6.090665180581223
-6.220236484132504,-9.505069354438213
-5.7798702168879785,-9.194385181026234
-4.882343363973765,-8.710188117118658
-5.6732849326585,-9.788374942355244
-8.882228868332401,-4.536362564197007
-5.241882108599758,-9.957769504584784
-7.78013492545495,-3.83302094432457
-5.065025797520791,-10.183297362984076
-9.186700772057028,-4.352576680113256
8.125461639621633,-4.591332348306519
-7.2855626430508735,-4.4726950653958975
-5.818322205695691,-9.076165338275844
-4.383686051012035,-10.130177993353325
9.437266358776712,-6.077586941367168
-8.578779366951338,-3.628628093698393
-9.19651512720324,-6.6877743192908365
-9.165086481257612,-3.558067415547909
-4.876106792391486,-10.205153623546058
-4.838570392868215,-8.730146852000358
7.956970403786965,-5.70921042766175
-7.852228697801985,-4.367724987617122
-6.081515205766502,-10.467688677232172
-5.67349770974865,-9.178705656187532
5.098616828427481,-6.344719218697893
8.33023598752187,-7.367087496466856
-7.310709395451885,-5.501840680284344
-9.399675270140332,-4.729327029659044
-4.328599855056331,-9.621377880036766
-5.025219892310084,-9.977747193023877
-3.346181623092596,-10.519141936630128
7.731912117758128,-5.461561015268826
-9.546979867993764,-3.975541209693848
7.250913912165418,-6.039220211777412
-5.997621107405064,-10.04230092485014
-4.999141941496664,-9.494969187482708
-7.765703779138759,-4.030675651905283
-8.111813215298668,-4.950526735790279
-7.657287021677906,-4.0440476658732845
-9.830472362055914,-3.4718476900829573
6.829762323568165,-6.685191974082063
-6.041845489956751,-10.685247691966204
6.289963631151959,-5.637312953301701
-4.277566670409913,-10.1612327584304
7.252746348802864,-6.924042350426126
-6.249251482201677,-10.208903183463832
6.795358802628846,-6.109911290964193
-7.422727960867821,-4.2860661876259964
-7.280624281674593,-5.199179889588653
-4.552146760169757,-9.028954504921977
-5.604552489684326,-10.817636064201992
-9.61201184445074,-2.342138498874623
9.03729654056946,-5.759863646930234
9.23890834600241,-4.049224840989385
6.617083107134964,-5.895836144274058
-5.251184386653988,-10.03100747471383
-7.636677365505992,-4.650801062817463
-8.093805892591108,-2.901620243643152
-6.20724929788836,-4.419370415981708
-7.857757668091732,-2.956177649742189
-4.577383315409998,-8.193757865677865
-7.313105325467897,-5.943769935552817
-7.646586317100919,-5.638771079805436
7.324294274144208,-5.906613407580386
-7.592526657491856,-5.469407583094056
-5.557513883968135,-10.33150440452758
-5.331576356708979,-8.64412382568273
-8.265390461694556,-2.384536291181199
-4.706402107426213,-9.90157799757656
-4.079142682710319,-10.101016091492646
8.160970598211517,-7.760027780582563
-6.002339891298773,-11.254276217519692
-8.513346433316132,-3.3537611620032157
-6.26724591290126,-3.619608915150548
-7.602039034821025,-3.909082725747026
-4.188597849832823,-11.176663701291632
-8.321366668653218,-4.4112054999218495
-5.578387248618152,-8.851690392613227
-9.06113657536225,-5.096573208251854
7.574483693355027,-5.8039098318340345
-6.335500607527004,-9.37053092696446
-6.452235180980628,-4.917429480384029
-6.199607481149016,-9.917630173728249
-5.9572439566470425,-8.395748358523257
-5.642093816847806,-9.937379019267324
-6.939173491036286,-4.855056530801425
-7.184019308009117,-4.122866234540516
-5.740536545541836,-11.13312763570488
-5.68827859087873,-8.613153246360886
-5.587252324457611,-11.37689930781308
-7.027524351528315,-9.234140040506048
-3.842581719341992,-9.45493080441922
-7.933359679706182,-4.679262993726289
-6.785352949077415,-4.709502652438738
-4.971977419428284,-7.47824311104121
-6.92954676334189,-9.249146355619942
-8.909354475130407,-2.87371657982574
-4.14821508232089,-9.523848855681582
-5.862103455990856,-10.0185842732323
8.419681357565889,-6.441115192854931
-8.882662018595964,-3.981330360071666
-7.02345985697434,-3.9091726925447774
-5.2042088609709465,-8.755519849205134
-7.966484887676743,-5.355063255629448
-8.078458595954675,-4.072333879857058
-3.448055548906467,-12.310748724447825
-9.189622426357552,-3.352566339798921
-5.014662320943142,-9.305547478339804
7.444509398909321,-7.151547129267525
-7.66373170456668,-4.752466163834272
8.153322875882006,-5.855175364694264
7.408662636023521,-4.217583462740302
-8.455578673068375,-4.142799526845051
7.232725912500998,-5.74404830696651
-5.158926492613786,-9.367405601492305
6.820888511417508,-6.990369295282313
-7.982444166555772,-3.2945513600663574
-3.3895497005088573,-8.514544762640574
-5.9639971515383765,-9.834777459459518
-6.392319000504973,-11.08884139805714
8.262824056036326,-5.816527019976716
-7.890006762377702,-3.260729431648232
8.083679068696911,-5.735923392956184
-6.296176741979439,-12.086067336733112
5.641756990149743,-4.148928463974476
9.188954669284662,-5.635198217031324
-8.832380889617719,-4.1796273418956735
-5.853349284000204,-9.579171375819037
7.472068091349723,-5.659394501342732
-5.106301907177154,-11.461870206055115
-8.872471689523154,-4.584446199467716
-9.159834423925876,-2.85962133865145
-7.889618789386885,-2.49152508650369
-5.31713407768457,-9.696634530690938
-4.90158098773362,-11.503666590565464
-8.444599830890475,-4.131524261333695
8.396850135647885,-7.134650904043357
8.208726871496447,-7.761072379273778
7.479494539391103,-6.012776879721888
-9.064123349816628,-4.027640729431026
6.644799014413635,-5.831685714726717
-7.729286988834306,-4.089692025394098
-6.111049524410974,-5.995108715527747
-4.869453699373151,-7.978430057304472
-4.3971314181707895,-9.31750025942022
-7.843847422649666,-4.212349969392373
7.592842477443317,-6.917514401496701
-6.494600660646736,-5.589582278522978
7.781114136969879,-5.507954434287648
-5.999980217399845,-8.498957995666597
7.638055581573002,-5.8548596731615286
-3.941936836973945,-10.635799478463598
8.000496952262957,-4.995274149603908
-7.630386014157464,-3.2628998206467266
8.558211192872664,-6.527786831462839
-8.838295274953339,-3.929017922490967
6.874499925036847,-5.42977471777897
8.159492175609998,-5.340087807923236
6.767931266622745,-6.165030827332986
7.911585806683895,-8.0246086882675
8.119067405264431,-5.548413508416126
-7.092256674965782,-11.185990739742309
-8.4408994683341,-5.01079104352223
8.15410343457217,-3.897376603467375
5.9696989482143135,-3.9114805412995057
-8.612785015471983,-4.110924921581828
8.263693716099219,-5.179073676044154
-5.187368609186767,-10.036222287262014
7.467769176039379,-6.914434427373015
5.9241386280213,-5.5769033331306455
-8.122246238725022,-2.1795674562350382
-5.085860346047624,-12.120761808217765
-3.587243764292364,-11.402354369797116
7.120514164425812,-4.795045627136398
8.350523508962251,-6.259821575966397
-6.849808987002146,-10.19457496035746
-6.679872037814213,-4.504974849720874
-4.722134330393518,-10.043925668055016
-10.027589058659215,-3.312776250047617
-5.03691561120281,-9.998658090232816
9.255294025212445,-5.943523326311343
-8.344816606027322,-4.343679193812592
-7.623343841661277,-4.37162889921235
-2.647619913251291,-10.052512092160551
-8.484326584628397,-3.313503189078921
-7.75783540334648,-6.272399279748623
-4.698302318146565,-10.908947943829183
-4.207382846851616,-8.83422327652135
-8.753947692921457,-4.440150236740774
-7.848624806264505,-5.977123987289354
-7.214400245300571,-5.128789682545788
-4.32850165438913,-10.854438097679031
-8.532637838129567,-2.7123724819155357
7.546092826362787,-5.909455234385477
-8.542774845742818,-3.783621384170046
-4.903081092751579,-10.319963360329629
-5.0336184256017145,-10.497345333206209
7.609723980286367,-5.393144440267079
-7.60395232144362,-6.287099355998647
6.218620334406373,-4.606202229258268
-3.2271495330792788,-9.08343412724095
-7.939645267580473,-4.024793046999204
-8.088327258172402,-3.5021450490442776
-6.834731097704446,-4.3083117050932165
8.307748468130178,-7.000609774605263
-6.040812620543441,-10.324355324824111
-8.413923546081307,-5.354831648456188
7.2486691517064274,-6.861852408067016
-4.227060880351898,-8.47422003351966
-7.8211080002642435,-9.68017211333984
-8.272516583759312,-3.0510177006378507
-6.055989892557145,-10.055688787883668
8.051821871259914,-6.14748598099104
8.066973333982082,-5.506733450808004
-7.130632720021992,-5.179543335975297
-7.431945452740627,-3.983435868011459
-6.842564321167877,-3.216597581078221
-7.032748468857847,-4.139019886217011
-6.082531385925401,-8.140377265548839
-6.271973009322105,-4.871788237971199
-4.937559747943113,-10.019685340600136
-7.493202857602562,-5.602109130381865
6.253448562781017,-5.24793309061231
6.684590197807303,-6.01749045663375
-3.0676477680414345,-8.511784911813526
